4,Cleavage,A,C,D,E,F,G,H,I,K,L,M,N,P,Q,R,S,T,V,W,Y
A,1,1,0,0,0,0,0,0,0,0,0,0,0,0,0,0,0,0,0,0,0
S,-1,0,0,0,0,0,0,0,0,0,0,0,0,0,0,0,1,0,0,0,0
L,1,0,0,0,0,0,0,0,0,0,1,0,0,0,0,0,0,0,0,0,0
E,-1,0,1,0,0,0,0,0,0,0,0,0,0,0,0,0,0,0,0,0,0
I,-1,0,0,0,0,0,0,1,0,0,0,0,0,0,0,0,0,0,0,0,0
A,1,0,0,0,0,0,0,0,0,0,1,0,0,0,0,0,0,0,0,0,0
Y,1,0,0,0,0,0,0,0,0,0,0,0,0,0,0,0,0,0,0,0,1
T,-1,0,0,0,0,0,0,0,0,0,1,0,0,0,0,0,0,0,0,0,0
N,-1,0,0,0,0,0,0,0,0,0,0,0,0,0,0,0,0,0,1,0,0
A,1,0,0,0,0,0,0,0,0,0,0,0,0,0,0,0,0,0,0,0,1
N,-1,0,0,0,0,0,0,0,0,1,0,0,0,0,0,0,0,0,0,0,0
S,-1,0,0,0,0,0,0,0,0,0,0,0,0,0,0,0,0,1,0,0,0
Y,-1,0,0,0,0,0,0,0,0,1,0,0,0,0,0,0,0,0,0,0,0
P,1,0,0,0,0,0,0,0,0,0,0,0,0,0,0,0,0,0,0,0,1
V,-1,0,0,0,0,0,0,0,0,0,0,0,0,0,0,0,0,0,0,1,0
C,1,0,0,0,0,0,0,0,0,0,0,0,0,0,0,0,0,0,0,0,1
I,-1,0,0,0,0,0,0,0,0,0,0,0,0,0,1,0,0,0,0,0,0
A,1,0,0,0,0,1,0,0,0,0,0,0,0,0,0,0,0,0,0,0,0
V,-1,0,0,0,0,1,0,0,0,0,0,0,0,0,0,0,0,0,0,0,0
D,-1,0,0,0,0,0,0,0,0,1,0,0,0,0,0,0,0,0,0,0,0
Y,1,0,0,0,0,0,0,0,0,0,0,0,0,0,0,0,0,0,0,0,1
R,-1,0,0,0,0,0,1,0,0,0,0,0,0,0,0,0,0,0,0,0,0
P,1,0,0,0,0,0,0,0,0,0,0,0,0,0,0,0,0,0,0,0,1
L,-1,0,0,0,0,0,0,0,0,0,0,0,1,0,0,0,0,0,0,0,0
L,1,0,0,0,0,0,0,0,0,0,0,0,0,0,0,0,1,0,0,0,0
I,-1,0,0,0,0,0,1,0,0,0,0,0,0,0,0,0,0,0,0,0,0
Y,1,0,0,0,0,0,0,0,0,0,0,0,0,0,0,0,0,0,0,0,1
K,-1,1,0,0,0,0,0,0,0,0,0,0,0,0,0,0,0,0,0,0,0
E,1,0,0,0,0,1,0,0,0,0,0,0,0,0,0,0,0,0,0,0,0
P,1,0,0,0,0,0,0,0,0,0,1,0,0,0,0,0,0,0,0,0,0
N,-1,0,0,0,0,0,0,0,0,0,0,0,0,0,0,0,0,1,0,0,0
V,-1,0,0,0,0,0,0,0,0,0,0,1,0,0,0,0,0,0,0,0,0
Y,-1,0,0,0,0,0,0,0,0,0,0,0,0,1,0,0,0,0,0,0,0
T,-1,0,0,0,0,0,0,0,0,0,0,0,0,0,0,0,1,0,0,0,0
L,-1,0,0,0,0,0,0,0,0,0,1,0,0,0,0,0,0,0,0,0,0
P,1,0,0,0,0,0,0,0,0,0,0,0,0,0,0,0,0,0,0,0,1
M,-1,1,0,0,0,0,0,0,0,0,0,0,0,0,0,0,0,0,0,0,0
G,-1,0,0,0,0,0,0,0,0,0,0,0,1,0,0,0,0,0,0,0,0
A,-1,0,0,0,0,0,0,0,0,0,0,0,0,0,0,0,0,0,1,0,0
A,-1,0,1,0,0,0,0,0,0,0,0,0,0,0,0,0,0,0,0,0,0
M,-1,0,0,0,0,0,0,1,0,0,0,0,0,0,0,0,0,0,0,0,0
D,-1,0,0,0,0,0,0,0,0,0,0,0,0,0,0,0,0,1,0,0,0
A,1,1,0,0,0,0,0,0,0,0,0,0,0,0,0,0,0,0,0,0,0
L,1,0,0,0,0,0,0,0,0,0,0,0,0,0,0,0,1,0,0,0,0
A,1,0,0,0,0,0,0,0,0,0,1,0,0,0,0,0,0,0,0,0,0
P,1,0,0,0,0,0,0,0,0,0,0,0,0,0,0,0,0,0,0,0,1
V,1,0,0,0,0,0,0,0,0,0,0,0,0,0,0,0,1,0,0,0,0
V,-1,0,0,0,0,0,0,0,0,1,0,0,0,0,0,0,0,0,0,0,0
F,1,0,0,0,0,1,0,0,0,0,0,0,0,0,0,0,0,0,0,0,0
Q,-1,0,0,0,0,0,0,0,0,0,0,0,0,0,0,0,0,0,1,0,0
Y,-1,1,0,0,0,0,0,0,0,0,0,0,0,0,0,0,0,0,0,0,0
A,-1,0,0,0,0,0,1,0,0,0,0,0,0,0,0,0,0,0,0,0,0
Q,-1,0,0,0,0,0,1,0,0,0,0,0,0,0,0,0,0,0,0,0,0
L,1,0,0,0,0,0,0,0,0,0,0,0,0,0,0,0,1,0,0,0,0
F,1,0,0,0,0,0,0,0,0,0,0,0,1,0,0,0,0,0,0,0,0
L,-1,0,0,0,0,0,0,0,0,0,0,0,0,0,0,0,0,0,1,0,0
A,1,0,0,0,0,0,0,0,0,0,0,1,0,0,0,0,0,0,0,0,0
P,-1,0,0,0,0,0,0,0,0,0,0,0,0,0,0,0,0,1,0,0,0
V,1,0,0,0,0,0,0,0,0,0,1,0,0,0,0,0,0,0,0,0,0
R,-1,0,0,0,0,0,0,0,0,0,0,0,0,0,0,0,0,0,0,0,1
R,-1,0,0,0,0,0,0,0,0,1,0,0,0,0,0,0,0,0,0,0,0
P,1,0,0,0,0,1,0,0,0,0,0,0,0,0,0,0,0,0,0,0,0
A,-1,0,0,0,0,0,0,0,0,0,1,0,0,0,0,0,0,0,0,0,0
P,-1,0,0,0,0,0,0,0,0,0,0,0,0,0,0,0,0,0,0,0,1
P,1,0,0,0,0,0,0,0,0,0,0,0,0,0,0,0,0,0,0,0,1
K,-1,0,0,0,0,0,0,0,0,0,0,0,0,0,0,0,1,0,0,0,0
F,1,0,0,0,0,0,0,0,0,0,1,0,0,0,0,0,0,0,0,0,0
A,1,0,0,0,0,1,0,0,0,0,0,0,0,0,0,0,0,0,0,0,0
R,-1,0,0,1,0,0,0,0,0,0,0,0,0,0,0,0,0,0,0,0,0
S,-1,0,0,0,0,0,0,0,0,0,0,0,0,0,0,0,1,0,0,0,0
C,-1,1,0,0,0,0,0,0,0,0,0,0,0,0,0,0,0,0,0,0,0
P,-1,0,0,0,0,0,0,0,1,0,0,0,0,0,0,0,0,0,0,0,0
L,1,0,0,0,0,0,0,0,0,0,0,0,0,0,0,0,0,0,0,0,1
L,1,0,0,0,0,1,0,0,0,0,0,0,0,0,0,0,0,0,0,0,0
T,-1,0,0,0,0,0,0,0,0,1,0,0,0,0,0,0,0,0,0,0,0
I,-1,0,0,0,0,0,0,0,0,1,0,0,0,0,0,0,0,0,0,0,0
S,-1,0,0,0,0,0,0,1,0,0,0,0,0,0,0,0,0,0,0,0,0
Y,1,0,0,0,0,0,0,0,0,0,0,0,0,0,0,0,0,0,0,0,1
F,1,0,0,0,0,0,0,0,0,0,0,1,0,0,0,0,0,0,0,0,0
G,-1,0,0,0,0,0,0,0,0,0,0,0,0,0,0,0,0,0,0,0,1
Y,1,0,0,0,0,0,0,0,0,0,0,0,0,0,0,0,0,0,0,0,1
L,1,0,0,0,0,0,0,0,0,0,0,0,0,0,0,0,1,0,0,0,0
P,1,0,0,0,0,0,0,0,0,0,0,0,0,0,0,0,0,0,0,0,1
L,1,0,0,0,0,1,0,0,0,0,0,0,0,0,0,0,0,0,0,0,0
D,-1,1,0,0,0,0,0,0,0,0,0,0,0,0,0,0,0,0,0,0,0
M,-1,1,0,0,0,0,0,0,0,0,0,0,0,0,0,0,0,0,0,0,0
Y,1,0,0,0,0,0,0,0,0,0,0,0,0,0,0,0,0,0,0,0,1
A,-1,0,0,0,0,0,0,0,0,0,0,0,0,0,1,0,0,0,0,0,0
V,1,0,0,0,0,1,0,0,0,0,0,0,0,0,0,0,0,0,0,0,0
V,-1,0,0,0,0,0,0,0,0,0,0,0,1,0,0,0,0,0,0,0,0
A,-1,0,0,0,0,0,0,0,0,0,1,0,0,0,0,0,0,0,0,0,0
G,1,0,0,0,0,0,0,0,0,0,1,0,0,0,0,0,0,0,0,0,0
P,1,0,0,0,0,1,0,0,0,0,0,0,0,0,0,0,0,0,0,0,0
Q,1,0,0,0,0,1,0,0,0,0,0,0,0,0,0,0,0,0,0,0,0
A,1,0,0,0,0,0,0,0,0,0,1,0,0,0,0,0,0,0,0,0,0
H,1,0,0,0,0,0,0,0,0,0,0,0,0,0,0,0,0,0,0,0,1
K,-1,0,0,0,0,0,0,0,0,0,0,0,0,0,0,0,0,1,0,0,0
L,1,1,0,0,0,0,0,0,0,0,0,0,0,0,0,0,0,0,0,0,0
P,1,0,0,0,0,0,0,0,0,0,0,0,0,0,0,0,0,0,0,0,1
N,-1,0,0,0,0,0,0,0,0,0,0,0,0,0,0,0,1,0,0,0,0
L,1,0,0,0,0,0,0,0,0,0,0,0,0,0,0,0,0,0,0,0,1
V,1,0,0,0,0,1,0,0,0,0,0,0,0,0,0,0,0,0,0,0,0
F,1,0,0,0,0,0,0,0,0,0,1,0,0,0,0,0,0,0,0,0,0
Y,1,0,0,0,0,0,0,0,0,0,0,0,0,0,0,0,0,0,0,0,1
V,1,0,0,0,0,1,0,0,0,0,0,0,0,0,0,0,0,0,0,0,0
R,1,0,0,0,0,0,0,0,0,0,0,0,0,0,0,0,1,0,0,0,0
T,-1,0,0,0,0,0,0,0,0,0,0,0,0,0,0,1,0,0,0,0,0
Y,-1,0,0,0,0,0,0,0,0,0,0,0,0,0,0,0,0,0,1,0,0
L,1,0,0,0,0,1,0,0,0,0,0,0,0,0,0,0,0,0,0,0,0
F,1,0,0,0,0,0,0,0,0,0,1,0,0,0,0,0,0,0,0,0,0
D,-1,0,0,0,0,0,0,0,0,0,0,0,0,0,0,0,0,0,0,0,1
D,-1,0,0,0,0,0,0,0,0,0,0,0,0,0,0,0,1,0,0,0,0
Y,1,0,0,0,0,0,0,0,0,0,0,0,0,0,0,0,0,0,0,0,1
F,1,0,0,0,0,0,0,0,0,0,1,0,0,0,0,0,0,0,0,0,0
A,-1,0,0,0,0,0,0,0,0,0,0,0,1,0,0,0,0,0,0,0,0
A,1,0,0,0,0,0,0,0,0,0,1,0,0,0,0,0,0,0,0,0,0
F,-1,0,0,0,0,0,0,0,0,0,0,0,0,0,0,0,0,0,1,0,0
P,-1,0,0,0,0,0,0,0,0,0,1,0,0,0,0,0,0,0,0,0,0
L,-1,1,0,0,0,0,0,0,0,0,0,0,0,0,0,0,0,0,0,0,0
K,-1,0,0,0,0,0,0,0,0,0,0,0,0,0,0,0,0,0,1,0,0
V,1,0,0,0,0,1,0,0,0,0,0,0,0,0,0,0,0,0,0,0,0
Y,1,0,0,0,0,0,0,0,0,0,0,0,0,0,0,0,0,0,0,0,1
M,1,0,0,0,0,1,0,0,0,0,0,0,0,0,0,0,0,0,0,0,0
V,-1,0,0,0,0,0,0,0,0,0,0,1,0,0,0,0,0,0,0,0,0
V,-1,0,0,0,0,0,0,0,1,0,0,0,0,0,0,0,0,0,0,0,0
P,1,0,0,0,0,0,0,0,0,0,0,0,0,0,0,0,0,0,0,0,1
L,1,0,0,0,0,0,0,0,0,0,0,0,0,0,0,0,0,0,0,1,0
C,-1,0,0,0,0,0,0,0,0,0,0,0,0,1,0,0,0,0,0,0,0
P,1,0,0,0,0,1,0,0,0,0,0,0,0,0,0,0,0,0,0,0,0
L,1,0,0,0,1,0,0,0,0,0,0,0,0,0,0,0,0,0,0,0,0
L,1,0,0,0,0,0,0,0,0,0,0,1,0,0,0,0,0,0,0,0,0
V,1,0,0,0,0,1,0,0,0,0,0,0,0,0,0,0,0,0,0,0,0
N,-1,0,0,0,0,0,0,0,1,0,0,0,0,0,0,0,0,0,0,0,0
I,1,0,0,0,0,0,0,0,0,0,1,0,0,0,0,0,0,0,0,0,0
L,-1,0,0,0,0,0,0,0,0,0,0,0,0,0,0,0,1,0,0,0,0
D,-1,0,0,0,0,0,0,0,0,0,0,1,0,0,0,0,0,0,0,0,0
L,1,0,0,0,0,0,0,0,0,0,0,0,0,0,0,0,1,0,0,0,0
P,1,0,0,0,0,1,0,0,0,0,0,0,0,0,0,0,0,0,0,0,0
F,1,0,0,0,0,0,0,0,1,0,0,0,0,0,0,0,0,0,0,0,0
N,-1,0,0,0,0,0,1,0,0,0,0,0,0,0,0,0,0,0,0,0,0
L,1,0,0,0,0,0,0,0,0,0,0,0,0,0,0,0,1,0,0,0,0
A,-1,0,0,0,0,0,0,0,0,0,0,0,1,0,0,0,0,0,0,0,0
W,-1,1,0,0,0,0,0,0,0,0,0,0,0,0,0,0,0,0,0,0,0
F,1,0,0,0,0,0,0,0,0,0,0,0,1,0,0,0,0,0,0,0,0
W,-1,0,0,0,0,0,0,0,0,0,0,0,1,0,0,0,0,0,0,0,0
S,-1,0,0,0,0,0,0,0,0,0,0,0,1,0,0,0,0,0,0,0,0
A,-1,1,0,0,0,0,0,0,0,0,0,0,0,0,0,0,0,0,0,0,0
S,-1,0,0,0,0,1,0,0,0,0,0,0,0,0,0,0,0,0,0,0,0
N,-1,0,0,0,0,0,0,0,0,0,0,0,0,0,0,0,0,1,0,0,0
L,1,0,0,0,0,0,0,0,0,0,0,0,0,0,0,0,1,0,0,0,0
Y,-1,0,0,0,0,0,0,0,0,0,0,0,0,0,0,0,1,0,0,0,0
N,-1,0,0,0,0,0,0,0,0,0,0,0,0,0,0,0,0,0,1,0,0
S,-1,0,0,0,0,0,1,0,0,0,0,0,0,0,0,0,0,0,0,0,0
E,-1,0,0,0,0,1,0,0,0,0,0,0,0,0,0,0,0,0,0,0,0
L,1,0,0,0,0,0,0,0,0,0,0,0,0,0,0,0,1,0,0,0,0
L,1,0,0,0,0,0,0,0,0,0,0,0,0,0,0,0,0,0,0,1,0
H,-1,0,0,0,0,0,0,0,0,1,0,0,0,0,0,0,0,0,0,0,0
P,1,0,0,0,0,0,0,0,0,0,0,1,0,0,0,0,0,0,0,0,0
A,-1,0,0,0,0,0,0,0,0,0,0,0,0,0,1,0,0,0,0,0,0
C,-1,0,0,0,0,0,0,0,0,0,0,0,0,0,0,1,0,0,0,0,0
T,-1,0,0,0,0,0,1,0,0,0,0,0,0,0,0,0,0,0,0,0,0
V,-1,0,0,0,0,0,0,0,0,0,1,0,0,0,0,0,0,0,0,0,0
L,1,0,0,0,0,0,0,0,0,0,0,0,0,0,0,0,0,0,0,0,1
A,-1,0,0,0,0,0,0,0,0,0,1,0,0,0,0,0,0,0,0,0,0
Y,-1,0,0,1,0,0,0,0,0,0,0,0,0,0,0,0,0,0,0,0,0
Y,1,0,0,0,0,0,0,0,0,0,1,0,0,0,0,0,0,0,0,0,0
V,1,0,0,0,0,0,1,0,0,0,0,0,0,0,0,0,0,0,0,0,0
V,1,0,0,0,0,0,1,0,0,0,0,0,0,0,0,0,0,0,0,0,0
Y,1,0,0,0,0,0,1,0,0,0,0,0,0,0,0,0,0,0,0,0,0
F,1,0,0,0,0,0,0,1,0,0,0,0,0,0,0,0,0,0,0,0,0
V,1,0,0,0,0,0,0,0,0,0,0,1,0,0,0,0,0,0,0,0,0
A,1,0,0,0,0,0,0,0,0,0,1,0,0,0,0,0,0,0,0,0,0
N,-1,0,1,0,0,0,0,0,0,0,0,0,0,0,0,0,0,0,0,0,0
S,1,0,0,0,0,0,0,0,0,0,0,1,0,0,0,0,0,0,0,0,0
A,1,0,0,0,0,0,0,0,0,0,1,0,0,0,0,0,0,0,0,0,0
P,1,0,0,0,0,0,0,0,0,0,0,0,0,0,0,0,0,0,0,0,1
L,-1,0,0,0,0,0,0,0,0,0,0,0,0,0,0,0,0,0,1,0,0
T,1,0,0,0,0,0,0,0,0,0,1,0,0,0,0,0,0,0,0,0,0
C,-1,0,0,0,0,0,0,0,0,0,0,0,1,0,0,0,0,0,0,0,0
L,1,0,0,0,0,0,0,0,0,0,0,0,0,0,0,0,1,0,0,0,0
T,-1,0,0,0,0,0,0,0,0,0,1,0,0,0,0,0,0,0,0,0,0
S,-1,0,0,0,0,0,0,0,0,0,1,0,0,0,0,0,0,0,0,0,0
F,1,0,0,0,0,0,0,0,0,0,1,0,0,0,0,0,0,0,0,0,0
P,1,0,0,0,0,0,0,0,0,0,0,1,0,0,0,0,0,0,0,0,0
I,-1,0,0,0,0,0,0,0,1,0,0,0,0,0,0,0,0,0,0,0,0
A,1,0,0,0,0,0,0,0,0,0,0,1,0,0,0,0,0,0,0,0,0
Y,-1,0,0,0,0,0,0,0,0,0,0,0,1,0,0,0,0,0,0,0,0
A,1,0,0,0,0,0,0,0,0,0,1,0,0,0,0,0,0,0,0,0,0
F,1,0,0,0,0,0,0,0,0,0,1,0,0,0,0,0,0,0,0,0,0
P,1,0,0,0,0,0,0,0,0,0,0,0,0,0,0,0,0,0,0,0,1
P,1,0,0,0,0,0,0,0,0,0,0,0,0,0,0,0,0,0,0,0,1
G,-1,0,0,0,0,0,0,0,0,0,0,0,1,0,0,0,0,0,0,0,0
A,1,0,0,0,0,0,0,0,0,0,1,0,0,0,0,0,0,0,0,0,0
V,-1,0,0,0,0,0,0,0,0,0,0,0,0,0,0,0,0,0,1,0,0
S,-1,0,1,0,0,0,0,0,0,0,0,0,0,0,0,0,0,0,0,0,0
P,1,0,0,0,0,1,0,0,0,0,0,0,0,0,0,0,0,0,0,0,0
P,1,0,0,0,0,0,0,0,0,0,0,0,0,0,0,0,0,0,0,0,1
L,-1,1,0,0,0,0,0,0,0,0,0,0,0,0,0,0,0,0,0,0,0
K,-1,1,0,0,0,0,0,0,0,0,0,0,0,0,0,0,0,0,0,0,0
N,-1,0,0,0,0,1,0,0,0,0,0,0,0,0,0,0,0,0,0,0,0
L,1,0,0,0,0,0,0,0,0,0,0,0,0,0,0,0,0,0,0,0,1
C,-1,0,0,0,0,0,0,0,0,0,0,0,1,0,0,0,0,0,0,0,0
N,-1,0,0,0,0,0,0,0,1,0,0,0,0,0,0,0,0,0,0,0,0
L,1,0,0,0,0,0,0,0,0,0,1,0,0,0,0,0,0,0,0,0,0
Y,1,0,0,0,0,1,0,0,0,0,0,0,0,0,0,0,0,0,0,0,0
N,-1,0,0,1,0,0,0,0,0,0,0,0,0,0,0,0,0,0,0,0,0
L,-1,0,0,0,0,0,1,0,0,0,0,0,0,0,0,0,0,0,0,0,0
Q,-1,0,0,0,0,0,0,0,0,0,0,0,0,0,0,0,0,1,0,0,0
A,-1,0,0,0,0,0,0,0,0,0,1,0,0,0,0,0,0,0,0,0,0
V,1,0,0,0,0,0,0,0,0,0,1,0,0,0,0,0,0,0,0,0,0
M,1,0,0,0,0,0,0,0,0,0,0,1,0,0,0,0,0,0,0,0,0
S,-1,0,0,0,1,0,0,0,0,0,0,0,0,0,0,0,0,0,0,0,0
A,1,0,0,0,0,0,0,0,0,0,1,0,0,0,0,0,0,0,0,0,0
A,1,0,0,0,0,0,0,0,0,0,1,0,0,0,0,0,0,0,0,0,0
L,1,0,0,0,0,0,0,0,0,0,0,0,0,0,0,0,1,0,0,0,0
K,-1,0,0,0,0,0,0,0,0,0,0,0,0,0,0,0,0,0,0,0,1
V,-1,0,0,0,0,0,0,0,0,0,0,0,0,1,0,0,0,0,0,0,0
L,1,0,0,0,0,0,0,0,0,0,0,0,0,0,0,0,0,0,0,0,1
L,-1,1,0,0,0,0,0,0,0,0,0,0,0,0,0,0,0,0,0,0,0
S,-1,0,0,0,0,0,0,0,0,0,0,0,0,0,0,0,0,0,0,0,1
M,1,0,0,0,0,0,0,0,0,0,0,1,0,0,0,0,0,0,0,0,0
P,1,0,0,0,0,0,0,0,0,0,0,0,0,0,0,0,0,0,0,0,1
V,1,0,0,0,0,1,0,0,0,0,0,0,0,0,0,0,0,0,0,0,0
P,1,0,0,0,0,0,0,0,0,0,0,0,0,0,0,0,0,0,0,0,1
L,1,0,0,0,0,0,0,0,0,0,0,0,0,0,0,1,0,0,0,0,0
G,-1,0,0,0,0,0,0,0,0,0,0,0,0,0,0,1,0,0,0,0,0
A,-1,0,1,0,0,0,0,0,0,0,0,0,0,0,0,0,0,0,0,0,0
P,1,0,0,0,0,0,0,0,0,0,0,0,0,0,0,0,0,0,0,0,1
P,1,0,0,0,0,0,0,0,0,0,0,0,0,0,0,0,0,0,0,0,1
Y,1,0,0,0,0,0,0,0,0,0,0,0,0,0,0,0,0,0,0,0,1
P,1,0,0,0,0,1,0,0,0,0,0,0,0,0,0,0,0,0,0,0,0
E,-1,0,0,0,0,0,0,0,0,0,0,0,0,0,0,1,0,0,0,0,0
L,-1,0,0,0,0,1,0,0,0,0,0,0,0,0,0,0,0,0,0,0,0
G,-1,0,0,0,1,0,0,0,0,0,0,0,0,0,0,0,0,0,0,0,0
V,1,0,0,0,0,0,0,0,0,0,1,0,0,0,0,0,0,0,0,0,0
G,-1,0,0,0,0,0,0,0,0,0,0,0,1,0,0,0,0,0,0,0,0
P,1,0,0,0,0,0,0,0,0,0,0,0,0,0,0,0,0,0,0,0,1
T,-1,0,0,0,0,0,0,0,0,0,0,0,1,0,0,0,0,0,0,0,0
H,1,0,0,0,0,1,0,0,0,0,0,0,0,0,0,0,0,0,0,0,0
Y,1,0,0,0,0,0,0,0,0,0,0,0,0,0,0,0,0,0,0,0,1
Y,1,0,0,0,0,0,0,0,0,0,0,0,1,0,0,0,0,0,0,0,0
A,1,0,0,0,0,0,0,0,0,0,1,0,0,0,0,0,0,0,0,0,0
A,-1,0,0,0,0,0,0,0,0,0,0,0,0,0,0,0,1,0,0,0,0
N,-1,0,0,0,0,0,0,0,0,0,0,0,0,0,0,1,0,0,0,0,0
N,1,0,0,0,0,0,0,0,0,0,1,0,0,0,0,0,0,0,0,0,0
P,1,0,0,0,0,0,0,0,0,0,0,0,0,0,0,0,0,0,0,0,1
T,-1,0,0,0,0,0,0,0,0,0,1,0,0,0,0,0,0,0,0,0,0
A,-1,0,0,0,0,0,0,0,0,0,0,0,0,0,0,0,0,0,1,0,0
Y,1,0,0,0,0,0,0,0,0,0,0,0,0,0,0,0,0,0,0,0,1
P,1,0,0,0,0,1,0,0,0,0,0,0,0,0,0,0,0,0,0,0,0
Q,-1,0,0,0,0,0,0,0,0,0,0,0,0,0,0,0,0,0,1,0,0
A,1,0,0,0,1,0,0,0,0,0,0,0,0,0,0,0,0,0,0,0,0
G,-1,0,0,1,0,0,0,0,0,0,0,0,0,0,0,0,0,0,0,0,0
L,1,0,0,0,0,0,0,0,0,0,0,0,0,0,0,0,0,0,0,1,0
I,-1,0,0,0,0,0,0,0,0,0,0,0,0,0,0,0,1,0,0,0,0
S,-1,0,0,0,0,0,0,0,0,0,0,0,0,0,0,0,1,0,0,0,0
L,1,0,0,0,0,0,0,0,0,0,0,0,0,0,0,0,1,0,0,0,0
A,-1,0,1,0,0,0,0,0,0,0,0,0,0,0,0,0,0,0,0,0,0
S,-1,1,0,0,0,0,0,0,0,0,0,0,0,0,0,0,0,0,0,0,0
L,1,0,0,0,0,1,0,0,0,0,0,0,0,0,0,0,0,0,0,0,0
D,-1,0,0,0,0,0,0,0,0,0,0,0,0,0,0,0,0,1,0,0,0
L,1,1,0,0,0,0,0,0,0,0,0,0,0,0,0,0,0,0,0,0,0
L,-1,0,0,0,1,0,0,0,0,0,0,0,0,0,0,0,0,0,0,0,0
G,1,0,0,0,0,1,0,0,0,0,0,0,0,0,0,0,0,0,0,0,0
I,1,0,0,0,0,0,0,0,0,0,0,0,1,0,0,0,0,0,0,0,0
L,1,0,0,0,0,0,0,0,0,0,1,0,0,0,0,0,0,0,0,0,0
P,1,0,0,0,0,0,0,0,0,0,0,0,0,0,0,0,0,0,0,0,1
P,1,0,0,0,0,1,0,0,0,0,0,0,0,0,0,0,0,0,0,0,0
R,-1,0,0,0,0,0,0,0,1,0,0,0,0,0,0,0,0,0,0,0,0
A,1,0,0,0,0,0,0,0,0,0,1,0,0,0,0,0,0,0,0,0,0
S,-1,0,0,0,0,0,0,0,0,0,1,0,0,0,0,0,0,0,0,0,0
F,-1,0,0,0,0,0,0,0,0,1,0,0,0,0,0,0,0,0,0,0,0
Q,-1,0,0,0,0,0,0,0,0,0,0,0,1,0,0,0,0,0,0,0,0
N,-1,0,0,0,0,0,0,0,0,0,0,1,0,0,0,0,0,0,0,0,0
Q,-1,0,0,0,0,0,0,0,0,0,0,0,0,0,0,0,1,0,0,0,0
A,-1,0,0,0,0,0,0,0,0,0,1,0,0,0,0,0,0,0,0,0,0
L,1,0,0,0,0,0,0,0,0,0,0,0,0,0,0,0,0,0,0,1,0
P,1,0,0,0,0,0,0,0,0,0,1,0,0,0,0,0,0,0,0,0,0
V,1,0,0,0,0,0,0,0,0,0,0,0,0,0,0,0,0,0,0,0,1
L,1,0,0,0,0,0,0,0,0,0,1,0,0,0,0,0,0,0,0,0,0
A,1,0,0,1,0,0,0,0,0,0,0,0,0,0,0,0,0,0,0,0,0
D,-1,0,0,0,0,0,0,0,0,0,0,0,0,0,0,0,1,0,0,0,0
T,-1,0,0,0,0,0,0,0,0,0,0,0,0,0,1,0,0,0,0,0,0
A,1,0,0,0,0,0,0,0,0,0,1,0,0,0,0,0,0,0,0,0,0
V,-1,0,0,0,0,0,0,0,0,0,0,0,0,0,0,0,0,0,0,1,0
A,-1,0,0,0,0,0,0,0,0,0,0,0,0,0,0,0,1,0,0,0,0
R,1,0,0,0,0,1,0,0,0,0,0,0,0,0,0,0,0,0,0,0,0
Y,1,0,0,0,0,1,0,0,0,0,0,0,0,0,0,0,0,0,0,0,0
C,-1,0,0,0,0,0,0,0,0,0,0,0,0,0,0,1,0,0,0,0,0
L,1,0,0,0,0,1,0,0,0,0,0,0,0,0,0,0,0,0,0,0,0
F,1,0,0,0,0,1,0,0,0,0,0,0,0,0,0,0,0,0,0,0,0
F,1,0,0,0,0,0,0,0,0,0,1,0,0,0,0,0,0,0,0,0,0
W,-1,1,0,0,0,0,0,0,0,0,0,0,0,0,0,0,0,0,0,0,0
L,1,0,0,0,0,0,0,0,0,0,0,0,0,0,0,0,0,0,0,0,1
L,1,0,0,0,0,0,0,0,0,0,0,0,0,0,0,0,0,0,0,1,0
I,1,0,0,0,0,0,0,0,0,0,1,0,0,0,0,0,0,0,0,0,0
P,1,0,0,0,0,1,0,0,0,0,0,0,0,0,0,0,0,0,0,0,0
D,-1,0,0,0,0,0,0,0,0,0,0,0,1,0,0,0,0,0,0,0,0
L,1,1,0,0,0,0,0,0,0,0,0,0,0,0,0,0,0,0,0,0,0
Y,1,0,0,0,0,0,0,0,0,0,0,0,0,0,0,0,0,0,0,0,1
S,1,0,0,0,0,0,0,0,0,0,1,0,0,0,0,0,0,0,0,0,0
M,-1,0,0,0,0,0,0,0,0,0,0,1,0,0,0,0,0,0,0,0,0
N,-1,0,0,0,0,0,0,0,0,0,0,0,0,0,0,1,0,0,0,0,0
P,-1,0,0,0,0,0,0,0,0,0,0,0,1,0,0,0,0,0,0,0,0
P,1,0,0,0,0,0,0,0,0,0,0,0,0,0,0,0,0,0,0,0,1
F,1,0,0,0,0,0,0,0,0,0,0,0,0,0,0,0,1,0,0,0,0
V,1,0,0,0,0,0,0,0,0,0,1,0,0,0,0,0,0,0,0,0,0
G,-1,0,0,0,0,0,0,0,0,0,0,0,1,0,0,0,0,0,0,0,0
F,-1,0,0,0,0,0,0,0,0,0,0,0,0,0,0,0,0,1,0,0,0
L,1,0,0,0,0,0,0,0,0,0,0,1,0,0,0,0,0,0,0,0,0
S,-1,0,0,0,0,0,1,0,0,0,0,0,0,0,0,0,0,0,0,0,0
A,1,0,0,0,0,0,0,0,0,0,0,0,0,0,0,0,0,0,0,0,1
L,1,0,0,0,0,1,0,0,0,0,0,0,0,0,0,0,0,0,0,0,0
A,-1,1,0,0,0,0,0,0,0,0,0,0,0,0,0,0,0,0,0,0,0
P,1,0,0,0,0,0,0,0,0,0,1,0,0,0,0,0,0,0,0,0,0
F,-1,0,0,0,0,0,0,1,0,0,0,0,0,0,0,0,0,0,0,0,0
F,1,0,0,0,0,0,0,0,0,0,0,0,0,0,0,0,0,0,0,0,1
L,1,0,0,0,0,0,0,0,0,0,0,0,0,0,0,0,1,0,0,0,0
K,-1,0,1,0,0,0,0,0,0,0,0,0,0,0,0,0,0,0,0,0,0
N,-1,0,0,0,0,0,0,0,0,0,0,0,0,0,0,0,0,0,1,0,0
Y,-1,0,0,0,0,0,0,0,0,0,0,0,1,0,0,0,0,0,0,0,0
N,-1,0,0,0,0,0,0,0,0,0,0,0,0,0,0,0,0,0,1,0,0
V,-1,0,0,1,0,0,0,0,0,0,0,0,0,0,0,0,0,0,0,0,0
Y,-1,0,0,0,0,0,1,0,0,0,0,0,0,0,0,0,0,0,0,0,0
A,1,0,0,0,0,0,0,0,0,0,1,0,0,0,0,0,0,0,0,0,0
P,1,0,0,0,0,1,0,0,0,0,0,0,0,0,0,0,0,0,0,0,0
A,-1,0,0,0,0,0,0,0,0,0,0,0,0,0,0,0,0,0,1,0,0
A,1,0,0,0,0,0,0,0,0,0,0,0,0,0,0,0,0,0,0,1,0
V,1,0,0,0,0,0,0,0,0,0,0,0,0,0,0,0,0,0,0,0,1
F,1,0,0,0,0,0,0,0,0,0,1,0,0,0,0,0,0,0,0,0,0
L,-1,0,0,0,0,0,0,0,0,0,0,0,1,0,0,0,0,0,0,0,0
P,1,0,0,0,0,1,0,0,0,0,0,0,0,0,0,0,0,0,0,0,0
L,1,0,0,0,0,0,0,0,0,0,0,0,0,0,0,0,1,0,0,0,0
T,1,0,1,0,0,0,0,0,0,0,0,0,0,0,0,0,0,0,0,0,0
F,1,0,0,0,0,0,0,0,0,0,0,0,1,0,0,0,0,0,0,0,0
R,-1,0,0,0,0,0,0,0,0,0,0,0,0,0,0,0,0,0,0,1,0
R,-1,0,0,0,0,0,0,0,0,0,0,0,0,0,0,0,1,0,0,0,0
W,-1,0,0,0,0,0,0,0,0,0,0,0,0,0,0,1,0,0,0,0,0
P,1,0,0,0,0,0,0,0,0,0,0,0,0,0,0,0,0,0,0,0,1
A,-1,0,0,0,0,0,0,0,0,0,0,0,0,0,1,0,0,0,0,0,0
L,1,0,0,0,0,0,0,0,0,0,0,0,0,0,0,0,1,0,0,0,0
Q,-1,0,0,0,0,0,0,0,0,0,0,0,0,0,0,0,0,1,0,0,0
V,1,0,0,0,0,0,0,0,0,0,1,0,0,0,0,0,0,0,0,0,0
K,-1,0,0,0,0,0,0,0,0,0,0,0,0,0,1,0,0,0,0,0,0
Q,-1,0,0,0,0,0,0,0,0,0,0,0,0,0,0,1,0,0,0,0,0
V,1,0,0,0,0,0,1,0,0,0,0,0,0,0,0,0,0,0,0,0,0
F,1,0,0,0,0,0,0,0,0,0,1,0,0,0,0,0,0,0,0,0,0
V,1,0,0,0,0,1,0,0,0,0,0,0,0,0,0,0,0,0,0,0,0
A,-1,1,0,0,0,0,0,0,0,0,0,0,0,0,0,0,0,0,0,0,0
A,1,0,0,0,0,0,0,0,0,0,1,0,0,0,0,0,0,0,0,0,0
G,-1,0,0,0,0,0,0,0,0,0,0,0,0,0,0,0,0,1,0,0,0
G,-1,0,0,1,0,0,0,0,0,0,0,0,0,0,0,0,0,0,0,0,0
N,-1,0,0,0,0,0,0,0,0,0,0,0,0,1,0,0,0,0,0,0,0
F,1,0,0,0,0,0,0,0,0,0,0,0,0,0,0,0,1,0,0,0,0
A,-1,0,0,0,0,0,1,0,0,0,0,0,0,0,0,0,0,0,0,0,0
V,-1,0,0,0,0,0,0,0,0,0,0,0,0,0,0,0,0,0,1,0,0
L,1,0,0,0,0,0,1,0,0,0,0,0,0,0,0,0,0,0,0,0,0
L,1,0,0,0,0,0,0,0,1,0,0,0,0,0,0,0,0,0,0,0,0
Y,1,0,0,0,0,0,0,0,0,0,0,0,0,0,0,0,0,0,0,0,1
A,1,0,0,0,0,0,0,0,1,0,0,0,0,0,0,0,0,0,0,0,0
C,-1,0,0,0,0,0,0,0,0,0,0,0,0,0,0,1,0,0,0,0,0
R,-1,0,0,0,0,0,0,0,0,0,0,0,1,0,0,0,0,0,0,0,0
F,1,0,0,0,0,0,0,0,0,0,0,0,0,0,0,0,1,0,0,0,0
P,1,0,0,0,0,1,0,0,0,0,0,0,0,0,0,0,0,0,0,0,0
E,-1,0,1,0,0,0,0,0,0,0,0,0,0,0,0,0,0,0,0,0,0
R,-1,0,0,0,1,0,0,0,0,0,0,0,0,0,0,0,0,0,0,0,0
P,1,0,0,0,0,0,0,0,0,0,0,0,0,0,0,0,1,0,0,0,0
L,1,0,0,0,0,0,0,0,0,0,1,0,0,0,0,0,0,0,0,0,0
T,1,0,0,0,0,1,0,0,0,0,0,0,0,0,0,0,0,0,0,0,0
P,1,1,0,0,0,0,0,0,0,0,0,0,0,0,0,0,0,0,0,0,0
N,-1,0,0,0,0,0,0,0,0,0,0,0,0,0,0,1,0,0,0,0,0
Y,1,0,0,0,0,0,0,0,0,0,0,0,0,0,0,0,0,0,0,0,1
K,-1,0,1,0,0,0,0,0,0,0,0,0,0,0,0,0,0,0,0,0,0
S,-1,0,1,0,0,0,0,0,0,0,0,0,0,0,0,0,0,0,0,0,0
P,1,0,0,0,0,0,0,0,0,0,0,0,0,0,0,0,0,0,0,0,1
L,-1,0,0,0,0,0,0,0,0,0,0,0,0,0,0,0,1,0,0,0,0
P,-1,0,0,0,0,1,0,0,0,0,0,0,0,0,0,0,0,0,0,0,0
P,1,0,0,0,0,0,0,0,0,0,0,0,0,0,0,0,0,0,0,0,1
P,1,0,0,0,0,0,0,0,0,0,0,0,0,0,0,0,0,0,0,0,1
A,1,0,0,0,0,0,0,0,0,0,1,0,0,0,0,0,0,0,0,0,0
L,1,0,0,0,0,0,0,0,0,0,0,0,0,0,0,0,1,0,0,0,0
V,1,0,0,0,0,0,0,0,0,0,1,0,0,0,0,0,0,0,0,0,0
Q,-1,0,0,0,0,0,0,0,0,0,0,0,0,0,0,0,0,0,1,0,0
Q,1,0,0,0,0,1,0,0,0,0,0,0,0,0,0,0,0,0,0,0,0
T,-1,0,0,0,0,0,0,0,0,0,1,0,0,0,0,0,0,0,0,0,0
P,-1,0,0,0,0,0,0,0,0,0,0,1,0,0,0,0,0,0,0,0,0
T,-1,0,0,0,0,0,0,0,1,0,0,0,0,0,0,0,0,0,0,0,0
F,1,0,0,0,0,0,0,0,0,0,1,0,0,0,0,0,0,0,0,0,0
V,1,1,0,0,0,0,0,0,0,0,0,0,0,0,0,0,0,0,0,0,0
Y,1,0,0,0,0,0,0,0,0,0,0,0,0,0,0,0,0,0,0,0,1
A,-1,0,0,0,0,0,0,0,0,0,0,0,0,0,0,0,0,1,0,0,0
V,-1,0,0,1,0,0,0,0,0,0,0,0,0,0,0,0,0,0,0,0,0
V,-1,0,0,0,0,0,0,0,0,0,0,0,0,0,0,0,1,0,0,0,0
F,1,0,0,0,0,0,0,0,0,0,1,0,0,0,0,0,0,0,0,0,0
V,-1,0,0,0,0,0,0,0,0,0,0,0,1,0,0,0,0,0,0,0,0
P,1,0,0,0,0,1,0,0,0,0,0,0,0,0,0,0,0,0,0,0,0
P,1,0,0,0,0,0,0,0,0,0,0,0,0,0,0,0,0,0,0,0,1
F,1,0,0,0,0,0,0,0,0,0,1,0,0,0,0,0,0,0,0,0,0
H,-1,0,0,0,0,0,0,0,0,0,0,0,0,0,0,0,0,0,1,0,0
Y,1,0,0,0,0,1,0,0,0,0,0,0,0,0,0,0,0,0,0,0,0
T,-1,0,0,0,0,0,1,0,0,0,0,0,0,0,0,0,0,0,0,0,0
R,-1,0,0,0,0,0,1,0,0,0,0,0,0,0,0,0,0,0,0,0,0
L,1,0,0,0,0,0,0,0,0,0,0,0,0,0,0,0,1,0,0,0,0
T,-1,0,0,0,0,0,0,0,0,0,0,0,0,0,0,0,0,1,0,0,0
G,1,0,0,0,0,0,0,0,0,0,1,0,0,0,0,0,0,0,0,0,0
C,-1,1,0,0,0,0,0,0,0,0,0,0,0,0,0,0,0,0,0,0,0
E,1,0,0,0,0,1,0,0,0,0,0,0,0,0,0,0,0,0,0,0,0
A,-1,0,0,0,0,0,0,0,0,0,0,0,0,0,1,0,0,0,0,0,0
V,1,0,0,0,0,0,0,0,0,0,1,0,0,0,0,0,0,0,0,0,0
C,-1,0,0,0,0,0,0,0,0,0,0,0,0,0,0,0,0,0,0,1,0
P,-1,0,0,0,0,0,0,0,0,0,0,0,0,0,0,0,1,0,0,0,0
M,-1,0,0,0,0,0,0,0,0,0,0,0,0,0,1,0,0,0,0,0,0
V,-1,0,0,0,0,0,0,0,0,0,0,0,0,0,0,0,0,0,1,0,0
V,-1,0,0,0,0,1,0,0,0,0,0,0,0,0,0,0,0,0,0,0,0
A,1,0,0,0,0,0,0,0,0,0,1,0,0,0,0,0,0,0,0,0,0
W,1,0,0,0,0,1,0,0,0,0,0,0,0,0,0,0,0,0,0,0,0
G,-1,0,0,0,0,0,0,0,0,0,0,0,0,0,0,1,0,0,0,0,0
I,-1,0,0,0,0,0,0,0,0,0,0,0,0,0,0,0,0,0,0,1,0
P,1,0,0,0,0,1,0,0,0,0,0,0,0,0,0,0,0,0,0,0,0
G,1,0,0,0,0,0,0,0,0,0,0,0,0,0,0,0,0,0,0,1,0
P,1,0,0,0,0,0,0,0,0,0,0,0,0,0,0,0,0,0,0,0,1
A,1,0,0,0,0,0,0,0,0,0,1,0,0,0,0,0,0,0,0,0,0
L,1,0,0,0,0,0,0,0,0,0,0,0,0,0,0,0,0,0,0,0,1
L,1,0,0,0,0,0,0,0,0,0,0,0,0,0,0,0,1,0,0,0,0
V,1,0,0,0,0,0,0,0,0,0,1,0,0,0,0,0,0,0,0,0,0
T,-1,0,0,0,0,0,0,0,0,0,0,0,0,0,0,0,1,0,0,0,0
F,1,0,0,0,0,0,0,0,0,0,0,0,1,0,0,0,0,0,0,0,0
I,-1,0,0,0,0,0,0,0,0,0,1,0,0,0,0,0,0,0,0,0,0
F,1,0,0,0,0,0,0,0,0,0,1,0,0,0,0,0,0,0,0,0,0
Q,-1,0,0,0,0,0,0,0,0,0,0,0,0,0,0,0,0,0,0,0,1
F,1,0,0,0,0,0,0,0,0,0,1,0,0,0,0,0,0,0,0,0,0
V,1,0,0,0,0,0,0,0,0,0,1,0,0,0,0,0,0,0,0,0,0
A,1,0,0,0,0,0,0,0,0,0,1,0,0,0,0,0,0,0,0,0,0
T,1,0,0,0,0,0,0,0,0,0,0,0,1,0,0,0,0,0,0,0,0
A,-1,0,0,0,0,0,0,0,0,0,0,0,0,0,0,0,0,0,1,0,0
P,1,0,0,0,0,0,0,0,0,0,0,0,0,0,0,0,0,0,0,0,1
V,1,0,0,0,0,0,0,0,0,0,1,0,0,0,0,0,0,0,0,0,0
Y,1,0,0,0,0,0,0,0,0,0,0,0,0,0,0,0,0,0,0,0,1
P,-1,0,0,0,0,0,0,0,0,1,0,0,0,0,0,0,0,0,0,0,0
P,-1,0,0,0,0,0,0,0,0,0,0,0,0,0,0,0,0,0,0,0,1
R,-1,0,0,0,0,0,0,0,0,0,0,0,0,0,0,0,1,0,0,0,0
L,-1,0,0,0,0,0,0,0,1,0,0,0,0,0,0,0,0,0,0,0,0
L,1,0,0,0,0,0,1,0,0,0,0,0,0,0,0,0,0,0,0,0,0
V,-1,0,0,0,0,0,0,0,0,0,0,0,1,0,0,0,0,0,0,0,0
Y,1,0,0,0,0,0,0,0,0,0,0,0,0,0,0,0,0,0,0,0,1
D,-1,0,0,0,0,1,0,0,0,0,0,0,0,0,0,0,0,0,0,0,0
V,1,0,0,0,0,0,0,0,0,0,1,0,0,0,0,0,0,0,0,0,0
A,1,0,0,0,0,0,0,0,0,0,1,0,0,0,0,0,0,0,0,0,0
M,-1,0,0,0,0,0,0,0,0,0,0,0,0,0,0,0,0,1,0,0,0
F,1,0,0,0,0,0,0,0,0,0,1,0,0,0,0,0,0,0,0,0,0
K,-1,0,0,0,0,0,0,0,0,0,0,0,1,0,0,0,0,0,0,0,0
V,1,0,0,0,0,0,0,0,0,0,1,0,0,0,0,0,0,0,0,0,0
P,1,0,0,0,0,1,0,0,0,0,0,0,0,0,0,0,0,0,0,0,0
P,-1,0,0,0,0,0,0,0,0,0,0,0,0,1,0,0,0,0,0,0,0
P,1,0,0,0,0,1,0,0,0,0,0,0,0,0,0,0,0,0,0,0,0
A,1,0,0,0,0,0,0,0,0,0,0,0,0,0,0,0,1,0,0,0,0
A,-1,0,0,0,0,0,0,0,0,0,1,0,0,0,0,0,0,0,0,0,0
A,1,0,0,0,0,0,0,0,0,0,1,0,0,0,0,0,0,0,0,0,0
L,1,0,0,0,0,0,0,0,0,0,0,0,0,0,0,0,1,0,0,0,0
P,1,0,0,0,0,0,0,0,0,0,0,0,0,0,0,0,0,0,0,0,1
E,1,0,0,0,0,0,0,0,0,0,1,0,0,0,0,0,0,0,0,0,0
V,-1,0,0,0,0,0,0,0,0,0,0,0,0,0,1,0,0,0,0,0,0
P,1,0,0,0,0,0,0,0,0,0,0,0,0,0,0,0,0,0,0,0,1
Q,-1,0,0,0,0,0,0,0,0,0,0,0,1,0,0,0,0,0,0,0,0
N,-1,1,0,0,0,0,0,0,0,0,0,0,0,0,0,0,0,0,0,0,0
F,1,0,0,0,0,0,0,0,0,0,1,0,0,0,0,0,0,0,0,0,0
P,1,0,0,0,0,0,0,0,0,0,0,0,0,0,0,0,0,0,0,0,1
F,1,0,0,0,0,0,0,0,0,0,1,0,0,0,0,0,0,0,0,0,0
Y,1,0,0,0,0,0,0,0,0,0,0,0,0,0,0,0,0,0,0,0,1
A,1,0,0,0,0,0,0,0,0,0,1,0,0,0,0,0,0,0,0,0,0
A,1,0,0,0,0,0,0,0,0,0,1,0,0,0,0,0,0,0,0,0,0
L,1,0,0,0,0,0,0,0,0,0,0,0,0,0,0,0,1,0,0,0,0
A,1,0,0,0,0,0,0,0,0,0,0,0,0,0,0,0,0,0,0,0,1
S,-1,0,0,0,0,0,1,0,0,0,0,0,0,0,0,0,0,0,0,0,0
V,1,0,0,0,0,1,0,0,0,0,0,0,0,0,0,0,0,0,0,0,0
V,-1,0,0,0,0,0,0,0,0,0,0,0,0,0,0,0,0,0,1,0,0
V,-1,0,0,0,0,0,0,0,1,0,0,0,0,0,0,0,0,0,0,0,0
P,1,0,0,0,0,0,0,0,0,0,1,0,0,0,0,0,0,0,0,0,0
P,1,0,0,0,0,1,0,0,0,0,0,0,0,0,0,0,0,0,0,0,0
R,-1,0,0,0,0,0,0,0,0,0,0,0,0,0,0,0,1,0,0,0,0
F,1,0,0,0,0,0,0,0,0,0,0,0,1,0,0,0,0,0,0,0,0
N,-1,0,1,0,0,0,0,0,0,0,0,0,0,0,0,0,0,0,0,0,0
L,1,0,0,0,0,0,0,0,0,0,0,0,0,0,0,0,0,0,0,0,1
V,1,0,0,0,0,0,1,0,0,0,0,0,0,0,0,0,0,0,0,0,0
L,1,0,0,0,0,1,0,0,0,0,0,0,0,0,0,0,0,0,0,0,0
T,-1,0,0,0,0,0,0,0,0,0,1,0,0,0,0,0,0,0,0,0,0
I,1,0,0,0,0,0,0,0,0,0,1,0,0,0,0,0,0,0,0,0,0
A,1,0,0,0,0,0,0,0,0,0,1,0,0,0,0,0,0,0,0,0,0
T,-1,0,0,0,1,0,0,0,0,0,0,0,0,0,0,0,0,0,0,0,0
L,-1,0,0,0,0,0,0,0,0,0,0,0,0,0,1,0,0,0,0,0,0
V,-1,0,0,0,0,0,0,0,0,0,1,0,0,0,0,0,0,0,0,0,0
P,1,0,0,0,0,1,0,0,0,0,0,0,0,0,0,0,0,0,0,0,0
R,1,0,0,0,0,0,0,0,0,0,1,0,0,0,0,0,0,0,0,0,0
L,1,0,0,0,0,0,0,0,0,0,0,0,0,0,0,0,1,0,0,0,0
V,1,0,0,0,0,0,0,0,0,0,0,1,0,0,0,0,0,0,0,0,0
V,-1,0,0,0,0,0,1,0,0,0,0,0,0,0,0,0,0,0,0,0,0
A,1,0,0,0,0,0,0,0,0,0,0,0,1,0,0,0,0,0,0,0,0
V,-1,0,0,0,0,0,0,0,0,0,0,0,0,0,0,0,0,0,1,0,0
N,-1,0,1,0,0,0,0,0,0,0,0,0,0,0,0,0,0,0,0,0,0
G,-1,0,0,0,0,0,1,0,0,0,0,0,0,0,0,0,0,0,0,0,0
R,-1,0,1,0,0,0,0,0,0,0,0,0,0,0,0,0,0,0,0,0,0
C,-1,0,0,0,0,0,0,0,0,0,0,0,1,0,0,0,0,0,0,0,0
V,1,0,0,0,0,0,0,0,0,0,1,0,0,0,0,0,0,0,0,0,0
F,1,0,0,0,0,0,0,0,0,0,1,0,0,0,0,0,0,0,0,0,0
P,1,0,0,0,0,1,0,0,0,0,0,0,0,0,0,0,0,0,0,0,0
L,1,0,0,0,0,0,0,0,0,0,0,0,0,0,0,0,0,0,0,1,0
V,1,0,0,0,0,0,0,1,0,0,0,0,0,0,0,0,0,0,0,0,0
A,1,0,0,0,0,0,0,0,0,0,1,0,0,0,0,0,0,0,0,0,0
A,1,0,0,0,0,0,0,0,0,0,0,1,0,0,0,0,0,0,0,0,0
V,1,0,0,0,0,0,0,0,0,0,1,0,0,0,0,0,0,0,0,0,0
I,-1,0,0,0,0,0,0,0,0,0,0,0,0,0,0,1,0,0,0,0,0
V,1,0,0,0,0,0,0,0,0,0,1,0,0,0,0,0,0,0,0,0,0
L,1,0,0,0,0,0,0,0,0,0,0,0,0,0,0,0,1,0,0,0,0
K,-1,0,0,0,0,0,0,0,0,0,0,1,0,0,0,0,0,0,0,0,0
A,1,0,0,0,0,0,0,0,0,0,1,0,0,0,0,0,0,0,0,0,0
T,-1,0,0,0,0,0,0,0,0,0,0,0,0,0,0,0,0,0,1,0,0
P,1,0,0,0,0,0,0,0,0,0,1,0,0,0,0,0,0,0,0,0,0
W,-1,0,0,0,0,0,0,0,0,0,0,0,0,0,0,0,0,0,0,1,0
H,-1,0,0,0,0,0,0,0,0,0,0,0,0,0,1,0,0,0,0,0,0
T,1,0,0,0,0,1,0,0,0,0,0,0,0,0,0,0,0,0,0,0,0
A,-1,0,0,0,0,0,0,0,0,0,1,0,0,0,0,0,0,0,0,0,0
P,1,0,0,0,0,0,0,0,0,0,0,0,0,0,0,0,0,0,0,0,1
L,-1,1,0,0,0,0,0,0,0,0,0,0,0,0,0,0,0,0,0,0,0
V,1,0,0,0,0,0,0,0,0,0,1,0,0,0,0,0,0,0,0,0,0
K,-1,0,0,0,0,0,0,0,0,0,1,0,0,0,0,0,0,0,0,0,0
K,-1,0,0,0,0,0,0,0,0,0,0,0,0,0,0,0,0,0,0,0,1
P,-1,0,0,0,0,0,0,0,0,0,0,0,0,0,0,0,0,0,0,0,1
Y,-1,0,0,0,0,1,0,0,0,0,0,0,0,0,0,0,0,0,0,0,0
L,1,0,0,0,0,0,0,0,0,0,1,0,0,0,0,0,0,0,0,0,0
Y,1,0,0,0,0,0,0,0,0,0,0,0,0,0,0,0,0,0,0,0,1
L,1,0,0,0,0,0,0,1,0,0,0,0,0,0,0,0,0,0,0,0,0
V,-1,0,0,0,0,0,0,0,0,0,0,0,0,0,0,0,1,0,0,0,0
P,1,0,0,0,0,1,0,0,0,0,0,0,0,0,0,0,0,0,0,0,0
Y,1,0,0,0,0,0,0,0,0,0,0,0,0,0,0,0,0,0,0,0,1
R,1,0,0,0,0,1,0,0,0,0,0,0,0,0,0,0,0,0,0,0,0
V,1,0,0,0,0,0,0,0,0,0,1,0,0,0,0,0,0,0,0,0,0
V,-1,0,0,0,0,0,0,0,0,0,0,0,1,0,0,0,0,0,0,0,0
V,1,0,0,0,0,0,0,0,0,0,1,0,0,0,0,0,0,0,0,0,0
E,1,0,0,0,0,0,0,0,0,0,0,0,0,0,0,0,1,0,0,0,0
L,1,0,0,0,0,0,0,0,0,0,0,0,0,0,0,0,0,0,0,1,0
M,-1,0,0,0,0,0,0,0,0,0,0,0,0,0,0,0,0,1,0,0,0
S,-1,1,0,0,0,0,0,0,0,0,0,0,0,0,0,0,0,0,0,0,0
V,1,0,0,0,0,1,0,0,0,0,0,0,0,0,0,0,0,0,0,0,0
L,-1,0,0,0,0,0,0,0,0,0,0,0,0,0,0,0,1,0,0,0,0
K,-1,1,0,0,0,0,0,0,0,0,0,0,0,0,0,0,0,0,0,0,0
V,1,0,0,0,0,0,0,0,0,0,1,0,0,0,0,0,0,0,0,0,0
F,1,0,0,0,0,0,0,0,0,0,0,0,0,0,0,0,0,0,0,0,1
A,-1,0,0,0,0,0,0,0,0,0,1,0,0,0,0,0,0,0,0,0,0
L,1,0,0,0,0,0,0,0,0,0,0,0,0,0,0,0,1,0,0,0,0
L,1,0,0,0,0,0,0,0,0,0,0,0,0,0,0,0,0,0,0,1,0
A,1,0,0,0,0,1,0,0,0,0,0,0,0,0,0,0,0,0,0,0,0
Q,-1,0,0,0,0,0,0,0,0,0,0,0,0,0,0,0,0,0,0,0,1
V,-1,0,0,0,0,0,0,0,0,0,0,0,0,0,1,0,0,0,0,0,0
V,-1,0,0,0,0,0,0,0,0,0,0,1,0,0,0,0,0,0,0,0,0
L,1,0,0,0,0,0,0,0,0,0,0,0,0,0,0,0,1,0,0,0,0
G,-1,0,0,0,0,0,0,0,0,0,0,0,1,0,0,0,0,0,0,0,0
G,-1,0,0,0,0,0,0,1,0,0,0,0,0,0,0,0,0,0,0,0,0
L,1,0,0,0,0,0,0,0,0,0,0,0,0,0,0,0,0,0,0,1,0
K,-1,0,0,0,0,0,0,0,0,0,0,1,0,0,0,0,0,0,0,0,0
Y,1,0,0,0,0,0,0,0,0,0,0,0,0,0,0,0,0,0,0,0,1
G,-1,0,0,0,0,0,0,0,0,0,0,0,1,0,0,0,0,0,0,0,0
P,1,0,0,0,0,1,0,0,0,0,0,0,0,0,0,0,0,0,0,0,0
V,1,0,0,0,0,1,0,0,0,0,0,0,0,0,0,0,0,0,0,0,0
F,1,0,0,0,0,0,0,0,0,0,0,1,0,0,0,0,0,0,0,0,0
L,1,0,0,0,0,0,0,0,0,0,0,0,0,0,0,0,0,0,0,1,0
Y,1,0,0,0,0,0,0,0,0,0,0,0,0,0,0,0,0,0,0,0,1
F,1,0,0,0,0,0,0,0,0,0,1,0,0,0,0,0,0,0,0,0,0
T,-1,0,0,0,0,0,0,0,1,0,0,0,0,0,0,0,0,0,0,0,0
N,-1,0,0,0,0,0,0,0,0,0,0,0,1,0,0,0,0,0,0,0,0
L,1,0,0,0,0,0,0,0,0,0,0,0,0,0,0,0,1,0,0,0,0
S,-1,0,0,0,0,0,0,0,0,1,0,0,0,0,0,0,0,0,0,0,0
Y,1,0,0,0,0,0,0,0,0,0,0,0,0,0,0,0,0,0,0,0,1
N,-1,0,0,0,0,0,0,0,0,0,0,0,0,0,0,0,1,0,0,0,0
P,1,0,0,0,0,0,0,0,0,0,0,0,0,0,0,0,0,0,0,0,1
L,1,0,0,0,0,0,0,0,0,0,1,0,0,0,0,0,0,0,0,0,0
T,1,0,0,0,0,0,0,0,0,0,0,1,0,0,0,0,0,0,0,0,0
V,1,0,0,0,0,0,0,0,0,0,0,1,0,0,0,0,0,0,0,0,0
V,-1,0,0,0,0,0,0,0,0,1,0,0,0,0,0,0,0,0,0,0,0
T,-1,1,0,0,0,0,0,0,0,0,0,0,0,0,0,0,0,0,0,0,0
K,-1,0,0,0,0,0,0,0,0,1,0,0,0,0,0,0,0,0,0,0,0
Y,1,0,0,0,0,0,0,0,0,0,0,0,0,0,0,0,0,0,0,0,1
N,-1,0,0,0,0,0,0,0,0,1,0,0,0,0,0,0,0,0,0,0,0
L,-1,0,0,0,0,0,0,0,0,1,0,0,0,0,0,0,0,0,0,0,0
P,1,0,0,0,0,0,0,0,0,0,0,1,0,0,0,0,0,0,0,0,0
T,1,0,0,0,0,0,0,0,0,0,1,0,0,0,0,0,0,0,0,0,0
P,1,0,0,0,0,0,0,0,0,0,0,0,0,0,0,0,0,0,0,0,1
C,-1,0,0,0,0,0,0,0,0,0,1,0,0,0,0,0,0,0,0,0,0
A,-1,1,0,0,0,0,0,0,0,0,0,0,0,0,0,0,0,0,0,0,0
D,-1,0,0,0,0,0,0,0,0,0,0,0,0,0,0,0,0,1,0,0,0
E,-1,0,0,0,0,1,0,0,0,0,0,0,0,0,0,0,0,0,0,0,0
T,-1,0,0,0,0,0,0,0,0,0,0,0,1,0,0,0,0,0,0,0,0
T,1,0,0,0,0,0,0,0,0,0,0,0,0,0,0,0,0,0,0,0,1
I,1,0,0,0,0,0,0,0,0,0,0,1,0,0,0,0,0,0,0,0,0
M,-1,0,0,0,0,0,1,0,0,0,0,0,0,0,0,0,0,0,0,0,0
A,-1,0,0,0,0,0,0,0,0,0,0,0,0,0,1,0,0,0,0,0,0
L,1,0,0,0,0,0,0,0,0,0,0,0,0,0,0,0,0,0,0,1,0
